title,url
سریال «اولین برخورد»💥جدال سنت و مدرنیته، چالشی به وسعت یک شهر|کاری از محسن خورشیدی | MXTV 1,https://www.youtube.com/watch?v=k8By3CFoj34
"سریال خارجی جدید ""تنهام نذار"" قسمت پایانی (دوبله فارسی) | DON’T LEAVE ME EP 05",https://www.youtube.com/watch?v=neNslmNCAN0
"سریال خارجی جدید ""تنهام نذار"" قسمت چهارم (دوبله فارسی) | DON’T LEAVE ME EP 04",https://www.youtube.com/watch?v=N58rQXBGJn4
"سریال خارجی جدید ""تنهام نذار"" قسمت سوم (دوبله فارسی) | DON’T LEAVE ME EP 03",https://www.youtube.com/watch?v=t6QYHuYP98E
"سریال خارجی جدید ""تنهام نذار"" قسمت دوم (دوبله فارسی) | DON’T LEAVE ME EP 02",https://www.youtube.com/watch?v=HMXewk340BI
"سریال خارجی جدید ""تنهام نذار"" قسمت اول (دوبله فارسی) | DON’T LEAVE ME EP 01",https://www.youtube.com/watch?v=dDpPYCWTubg
"سریال روسی جدید ""بال‌های آرزو"" قسمت پنجم (پایانی) (دوبله فارسی) | The Wings EP 05",https://www.youtube.com/watch?v=iA9OB0yGZeM
"سریال روسی جدید ""بال‌های آرزو"" قسمت چهارم (دوبله فارسی) | The Wings EP 04",https://www.youtube.com/watch?v=e8SDBPo8czg
"سریال روسی جدید ""بال‌های آرزو"" قسمت سوم (دوبله فارسی) | The Wings EP 03",https://www.youtube.com/watch?v=MXKU65lxlzA
"سریال روسی جدید ""بال‌های آرزو"" قسمت دوم (دوبله فارسی) | The Wings EP 02",https://www.youtube.com/watch?v=J12hI4LkDtU
"سریال روسی جدید ""بال‌های آرزو"" قسمت اول (دوبله فارسی) | The Wings EP 01",https://www.youtube.com/watch?v=5TK-uqKcJm0
"سریال کمدی ایرانی ""مصائب حمید"" قسمت دهم (پایان) | Masaa'eb-e Hamid EP 10",https://www.youtube.com/watch?v=M1wgz7zsISw
"سریال کمدی ایرانی ""مصائب حمید"" قسمت نهم | Masaa'eb-e Hamid EP 09",https://www.youtube.com/watch?v=kG2a3t74D7U
"سریال کمدی ایرانی ""مصائب حمید"" قسمت هشتم | Masaa'eb-e Hamid EP 08",https://www.youtube.com/watch?v=5PAZlnJv5qo
"سریال کمدی ایرانی ""مصائب حمید"" قسمت هفتم | Masaa'eb-e Hamid EP 07",https://www.youtube.com/watch?v=lEahmHwhc2w
"سریال کمدی ایرانی ""مصائب حمید"" قسمت ششم | Masaa'eb-e Hamid EP 06",https://www.youtube.com/watch?v=mrWmZvxS5xg
"سریال کمدی ایرانی ""مصائب حمید"" قسمت پنجم | Masaa'eb-e Hamid EP 05",https://www.youtube.com/watch?v=8AuE-O_0PF0
"سریال کمدی ایرانی ""مصائب حمید"" قسمت چهارم | Masaa'eb-e Hamid EP 04",https://www.youtube.com/watch?v=lY7o8fbNUGw
"سریال کمدی ایرانی ""مصائب حمید"" قسمت سوم | Masaa'eb-e Hamid EP 03",https://www.youtube.com/watch?v=OuRYqJxQuoY
"سریال کمدی ایرانی ""مصائب حمید"" قسمت دوم | Masaa'eb-e Hamid EP 02",https://www.youtube.com/watch?v=XBLw8DR18U4
"سریال کمدی ایرانی ""مصائب حمید"" قسمت اول | Masaa'eb-e Hamid EP 01",https://www.youtube.com/watch?v=vazvAb6q_kg
"فیلم سینمایی کوتاه ایرانی "" تاریخ گذشته "" | ""Expired"" Short Movie",https://www.youtube.com/watch?v=NacH6B4RIyE
فیلم سینمایی کمدی خنده دار فرار از مدرسه (دوبله فارسی) | Hababam Sinifi Uc Bucuk,https://www.youtube.com/watch?v=Zq1fiilEgGc
"فیلم سینمایی جدید "" یتیم خانه "" با دوبله فارسی ( بدون سانسور) | Terkedilmiş",https://www.youtube.com/watch?v=seEB9qgAzIg
بهترین فیلم کمدی جدید آخرین شانس (دوبله فارسی)  | Film Comedy Persian Dub,https://www.youtube.com/watch?v=GPS6Zb50cdc
"فیلم سینمایی ترکی دوبله فارسی"" 40 ""  | film farsi 40",https://www.youtube.com/watch?v=OWh9EuC1mX4
"فیلم سینمایی ترسناک ترکی جدید "" سایه شب"" (دوبله فارسی) -  Psisik Doble Farsi 2024",https://www.youtube.com/watch?v=8H0UPrsa8T0
فیلم سینمایی کمدی جدید مافیای استانبول  | Film Comedy Jadid,https://www.youtube.com/watch?v=JwMU3aGah4g
فیلم کمدی جدید زمزمه عشق (دوبله فارسی)  رمانتیک  [unutursam fisilda farah [IMDB 7.5,https://www.youtube.com/watch?v=0PLEd9dFpvU
"فیلم ترسناک آمریکایی جدید ""طاعون""  (دوبله فارسی) -  Pestilenz Doble Farsi 2024",https://www.youtube.com/watch?v=X2FvOkn5Jbg
"فیلم سینمایی ترسناک جدید "" دابه 6 : ""بازگشت"" (دوبله فارسی) -  DABBE 6 Doble Farsi 2024",https://www.youtube.com/watch?v=f-2ErYV0DUA
"فیلم  سینمایی کمدی ایرانی جدید ""فیلم من""  |  Film Comedy Jadid 1403",https://www.youtube.com/watch?v=IFD9Pn8kLU4
"فیلم سینمایی ترسناک جدید "" دابه 5 : نفرین جن"" (دوبله فارسی) -  DABBE 5 Doble Farsi 2024",https://www.youtube.com/watch?v=NqKr6EnI6R8
نسخه لو رفته فیلم شیطان در مسجد (بدون سانسور) |  2024 Film Jadid,https://www.youtube.com/watch?v=y0NBBLy152Q
"فیلم آمریکایی جدید ""دره رازآلود"" با دوبله فارسی ( بدون سانسور) | Miracle In The Valley",https://www.youtube.com/watch?v=AFbtpKYd1dI
"فیلم سینمایی آمریکایی ""دره راز آلود"" بزودی از چنل @mxtv-2",https://www.youtube.com/watch?v=Z-dOtmZMm08
فیلم سینمایی ایرانی کمدی جدید میانبرهای پر ماجرا | Film Comedy Jadid,https://www.youtube.com/watch?v=cRn4OXRlsz0
سریال جدید ترکی عشق و انتظار 💥 بزودی در  @mxtv-1    💥با دوبله فارسی,https://www.youtube.com/watch?v=cDuvJUCz7c4
فیلم دوبله فارسی جدید ماموریت بی پایان پارت 2 (بدون سانسور) | film Jadid,https://www.youtube.com/watch?v=PrBIsCK-R2M
فیلم دوبله فارسی جدید ماموریت بی پایان پارت 1 (بدون سانسور) | film Jadid,https://www.youtube.com/watch?v=dFZ_HHqyXE0
فیلم دوبله فارسی ترکی ترسناک شیطان رجیم 3 ( بدون سانسور) |  Seytan-i Racim 3: Ifrit,https://www.youtube.com/watch?v=cjjmgtLJv3o
فیلم دوبله فارسی ترکی ترسناک شیطان رجیم 2 ( بدون سانسور) |  Seytan-i Racim 2: Ifrit,https://www.youtube.com/watch?v=xwV4B-rZFFo
فیلم جنگی جدید « جنگ جهانی اول : نبرد سرخ» با دوبله فارسی | Film Jadid Doble Farsi,https://www.youtube.com/watch?v=zxuPyc6Nm7w
فیلم سینمایی ترکی دوبله فارسی آخرین نامه  | film farsi son mektup,https://www.youtube.com/watch?v=cFbIUzKxoPI
فیلم ترکی جنگی جدید صد و بیست با دوبله فارسی ( بدون سانسور ) | 120 movie,https://www.youtube.com/watch?v=Ednpz8VV1A4
فیلم سینمایی ترکی کمدی کُلپاچینو با دوبله فارسی |  Kolpaçino: Bomba film farsi,https://www.youtube.com/watch?v=EkxBKR3Kv7E
فیلم سینمایی ترکی دوبله فارسی سرنوشت | film farsi halam geldi,https://www.youtube.com/watch?v=wr-kSViSDCM
فیلم سینمایی جدید آشوب در شهر با دوبله فارسی - سانسور نشده! | Film Jadid Farsi,https://www.youtube.com/watch?v=FJgrTFcbO3s
فیلم ایرانی جدید درخت وجدان | Drama Movie Doble IRANI,https://www.youtube.com/watch?v=YduvencgmPM
فیلم سینمایی درام جدید فداکار | Drama Movie Doble Farsi,https://www.youtube.com/watch?v=pHzAuQBFNfA
فیلم سینمایی کمدی جدید قرارگاه مسکونی با دوبله فارسی | Film Khareji | comedy Film Doble Farsi,https://www.youtube.com/watch?v=x7IrJE50xRs
فیلم سینمایی ترسناک جدید طلسم با دوبله فارسی | Film Khareji | Muska Film Doble Farsi,https://www.youtube.com/watch?v=fbKf52xIqiU
"فیلم خارجی جدید و هیجان انگیز "" فریب "" (دوبله فارسی) -By Deception Doble Farsi",https://www.youtube.com/watch?v=TdBAEKqmU7I
فیلم سینمایی جدید به نام عشق  ( دوبله فارسی ) - Film jadid Kharegi doble Farsi Adi Ask,https://www.youtube.com/watch?v=sMtZG6deJl4
"فیلم سینمایی درام کمدی "" مافیای عشق ""  ( دوبله فارسی ) - Ağır Romantik Persian Dub",https://www.youtube.com/watch?v=aJJFCzmC14A
"Kizim ve Ben Duble Farsi - فیلم سینمایی ""من و دخترم "" (دوبله فارسی)",https://www.youtube.com/watch?v=aVQLCGnHAVM
فیلم سینمایی درام بچه های جنگ (دوبله فارسی) | Film Khareji | Sarikamis Cocuklari Film Doble Farsi,https://www.youtube.com/watch?v=7PDFstrj_cU
"فیلم سینمایی جدید 1403 درام عاشقانه "" عشق کوانتومی "" (دوبله فارسی) -  MANNY PERSIAN DUB",https://www.youtube.com/watch?v=no3nyejl0gw
"فیلم سینمایی کمدی جدید "" شوکت 2 : دست و پا چلفتی ها "" (دوبله فارسی) -ŞevkatYerimdar2:Bizde Sakat Çok",https://www.youtube.com/watch?v=Cffcq7B04Y8
"فیلم کمدی جدید "" گروه نقابدار : قبرس"" (دوبله فارسی) - Film Comedy Doble Farsi",https://www.youtube.com/watch?v=D_v_ZcEcpq0
"فیلم کمدی جدید "" گروه نقابدار : عراق (دوبله فارسی) - Maskeli Beşler Irak Doble Farsi",https://www.youtube.com/watch?v=O2OARGOk8mY
"فیلم سینمایی جدید "" گروه نقابدار: درجستجوی انتقام""(دوبله فارسی) Maskeli Beşler Intikam Doble Farsi",https://www.youtube.com/watch?v=YwMeagX2xE0
"فیلم سینمایی ترسناک جدید "" دبه : حمله شیطان"" (دوبله فارسی) -  DABE 4 Doble Farsi 2024",https://www.youtube.com/watch?v=QCyww5PRbzI
"فیلم سینمایی کمدی جدید "" نپرس چرا "" (دوبله فارسی) -  Sorma Neden Doble Farsi 2024",https://www.youtube.com/watch?v=22BWanQPWtw
فیلم سینمایی عاشقانه ترکی شب با دوبله فارسی | Film Khareji | Gece Film Doble Farsi,https://www.youtube.com/watch?v=qXi8mXqk3XY
"فیلم سینمایی درام جنایی ""عنکبوت"" |  Persian Dub Movie 2024 | دوبله فارسی",https://www.youtube.com/watch?v=MfiFQ5SybyA
"فیلم ترسناک ترکی جدید ""جنون"" | Tarsnak Movie 2024 | دوبله فارسی | ترسناک ترین فیلم ترکی",https://www.youtube.com/watch?v=XMqwmGEIP-g
فیلم کمدی جدید ماجراهای سلطان بورسا و عایشه خاتون | Comedy Movie 2024 | Persian Dub,https://www.youtube.com/watch?v=z0e4q93VoL8
فیلم سینمایی درام اکشن عدالت مطلق با دوبله فارسی |Film Khareji | Mutlak Adalet Film Doble Farsi,https://www.youtube.com/watch?v=6oQzTqcS7mo
فیلم سینمایی ترسناک گریه ای در شب با دوبله فارسی | Film Tarsnak |A Cry In The Night Film Doble Farsi,https://www.youtube.com/watch?v=vgMcY1rVUGU
فیلم سینمایی ترسناک مگی با دوبله فارسی | Film Tarsnak | Magi Film Doble Farsi,https://www.youtube.com/watch?v=Z7fK0jhWdms
فیلم سینمایی درام رمانتیک عشق یعنی تو با دوبله فارسی | Film Khareji|Ask Sana Benzer Film Doble Farsi,https://www.youtube.com/watch?v=GR32FsC9o3Y
فیلم سینمایی کمدی ترکی دوبله فارسی,https://www.youtube.com/watch?v=gX9hpH_rH4Q
فیلم سینمایی بازیگران لعنتی  - ب رای گرفتن نقش چیکار میکنه,https://www.youtube.com/watch?v=XYOdUPHm-y4
با دوبله فارسی | Film Khareji | Aci Ask Film Doble Farsi,https://www.youtube.com/watch?v=oDOmRozcvjU
پسره پدرشو نصیحت میکنه؟😐😂 #shorts,https://www.youtube.com/watch?v=hXXIiVisB5U
فیلم سینمایی ترسناک جدید هتل ارواح با دوبله فارسی | Film Khareji | IRUL Ghost Hotel Film Doble Farsi,https://www.youtube.com/watch?v=oeU8WMlxRg8
فیلم سینمایی عاشقانه اکشن پدرخوانده با دوبله فارسی | Film Khareji | The Gods Film Doble Farsi,https://www.youtube.com/watch?v=V4Rz9hPvVcM
فیلم سینمایی درام ترسناک دختری به نام سرا با دوبله فارسی | Film khareji| Sera Film Doble Farsi,https://www.youtube.com/watch?v=jxFs2dAr5S8
فیلم سینمایی درام بازی زندگی با دوبله فارسی |Film Khareji | El Juegos de la Vida Doble farsi,https://www.youtube.com/watch?v=3pXWzXyG4kE
فیلم سینمایی ترکی درام رمانتیک عشق ابدی نیست دوبله فارسی | Sonsuz Ask Doble Farsi|فیلم خارجی عاشقانه,https://www.youtube.com/watch?v=4V_mRrEC5Mo
فیلم سینمایی ترکی درام از زندگی نترس با دوبله فارسی | film torki doble farsi | Hayattan Korkma,https://www.youtube.com/watch?v=U-hJikeYHdE
فیلم سینمایی درام آمریکایی پایان پرواز با دوبله فارسی | Sashinka Film Doble Farsi | فیلم خارجی,https://www.youtube.com/watch?v=9ZZ7kMwl4YM
فیلم سینمایی پرصحنه و جنجالی بازیگران لعنتی با دوبله فارسی |  Pinches Actores Doble farsi,https://www.youtube.com/watch?v=SYdNBc0yG44
فیلم سینمایی جدید هیجان انگیز بچه های شیطان | The Devil's Children Dooble Farsi | فیلم دوبله فارسی,https://www.youtube.com/watch?v=vOT7DsL8FiA
خوب بلده زیرآبی بره😏 فیلم سینمایی عقاب های سرزمینم #shorts,https://www.youtube.com/watch?v=WGrot0X7Ooc
مادرش با مهمونش میخوابه 🤯😱 #shorts,https://www.youtube.com/watch?v=VPDbBDnAlhI
فیلم سینمایی ماجراجویی عقاب های سرزمینم با دوبله فارسی| Anadolu kartallar Persian Dub,https://www.youtube.com/watch?v=G1nOipsVhtY
بچه ش تو خواب تسخیر میشه😱😱 #shorts  #تسخیر,https://www.youtube.com/watch?v=3jpzWtQa7WM
فیلم خارجی جدید ترسناک دابه 3 : جن زدگی با دوبله فارسی | Dabbe 3: Demon Possession,https://www.youtube.com/watch?v=Tu3STysOcRs
تریلر فیلم سینمایی پرونده قتل | فیلم پلیسی جنایی,https://www.youtube.com/watch?v=e05sB1W5R70
فیلم کامل پادشاه شیاطین با دوبله فارسی | Asmodeus Full Movie | فیلم ترسناک خارجی,https://www.youtube.com/watch?v=Alspd_CVzZI
فیلم سینمایی جدید دور از تو با دوبله فارسی | Boluk Persian Dub | فیلم خارجی جنگی جدید جوخه,https://www.youtube.com/watch?v=Az_q0jlpvlo
تریلر فیلم سینمایی اولین غشق | زیباترین عاشقانه کمدی,https://www.youtube.com/watch?v=U-k3yguhV6g
مرده بخاطر زن دوستش آدم میکشه😳 #shorts,https://www.youtube.com/watch?v=qjC3yyOxN0s
فیلم جدید کمدی اولین عشق با دوبله فارسی |  4N1K First Love  Persian DUB,https://www.youtube.com/watch?v=lS-labgSHhw
تریلر فیلم سینمایی ایستگاه آخر: مرگ | ترسناک ترین فیلم زامبی 2023,https://www.youtube.com/watch?v=-TnRqthOruM
فیلم سینمایی جدید ترسناک ایستگاه آخر: مرگ با دوبله فارسی | Persian dub,https://www.youtube.com/watch?v=pdjG8HFBwYU
موقع خوابیدن جن میبینه😢 فیلم سینمایی طلسم جن,https://www.youtube.com/watch?v=msz2XS4Gp3s
هیچ وقت دنبال جن ها نرو😢 فیلم سینمایی طلسم جن,https://www.youtube.com/watch?v=nbyO9jxxqP4
تریلر فیلم سینمایی طلسم جن | ترسناکترین و هیجان انگیزترین فیلم 2023,https://www.youtube.com/watch?v=V6p5erTMSCU
فیلم جدید رازآلود پارانویا با دوبله فارسی,https://www.youtube.com/watch?v=i6PCEsf8IeY
عاقبت خیانت زن به شوهرش وحشتناکه ؟!! فیلم جدید دوبله,https://www.youtube.com/watch?v=pj_PKKB-ovw
فیلم سینمایی کامل پارانویا با دوبله فارسی | Persian dub | فیلم جدید خارجی رازآلود جنایی,https://www.youtube.com/watch?v=s3bH0dWnMC4
تریلر فیلم سینمایی پارانویا - هیجان انگیزترین فیلم 2023,https://www.youtube.com/watch?v=6KQzPdxZIGc
فیلم سینمایی جدید محکوم به دوزخ #shorts,https://www.youtube.com/watch?v=eltxnLuXZyg
فیلم سینمایی جنایی انتقام میراندا با دوبله فارسی | Movie Persian Dubbing | فیلم خارجی,https://www.youtube.com/watch?v=7EF2p0hpra0
تریلر فیلم سنمایی انتقام میراندا  - به زودی,https://www.youtube.com/watch?v=zlryrt2_Cic
فیلم سینمایی ترسناک جدید محکوم به دوزخ | Persian Dub Horror Movie | دوبله فارسی,https://www.youtube.com/watch?v=XcYt3LUT-zE
دو رگه هایی که روحشون به آرامش نرسیده | فیلم سینمایی محکوم به دوزخ,https://www.youtube.com/watch?v=caqAkpoBDOc
پرونده یک قتل مرموز - معرفی فیلم جنایی,https://www.youtube.com/watch?v=ia-50Ac05wo
فیلم سینمایی خارجی پرونده قتل  _ Secret Voices _ دوبله فارسی,https://www.youtube.com/watch?v=LLSJ-ahloHM
به نظرتون قاتل کیه ؟ راز های پشت پرده,https://www.youtube.com/watch?v=OxSWjEIo_5k