title,url
 بابای من خوانندس,https://www.youtube.com/watch?v=G2BgWSk3cxQ
 توریست,https://www.youtube.com/watch?v=v8RfWqs-3xs
 شبی ۳۰۰,https://www.youtube.com/watch?v=oeWnGWsDwOE
 شِف - شکار فضول,https://www.youtube.com/watch?v=tnPd_-s2d-0
آبی عمیق,https://www.youtube.com/watch?v=LKS1Ow819sw
آذر، شهدخت، پرویز و دیگران,https://www.youtube.com/watch?v=8uKCLBPTHKw
ارتفاع پست,https://www.youtube.com/watch?v=bQgWHt_1pLY
انبار,https://www.youtube.com/watch?v=l89W3fGnC9E
انعکاس,https://www.youtube.com/watch?v=LeezMXFOXiI
ایستگاه متروک,https://www.youtube.com/watch?v=sVQz0Qe0wwk
اینجا خانه من است,https://www.youtube.com/watch?v=PVYbMxljk4w
بازجویی در کافه تهران,https://www.youtube.com/watch?v=JhUNEfv9vag
باگ,https://www.youtube.com/watch?v=Uu7MQiIvlqY
پاسیو ,https://www.youtube.com/watch?v=Bpxp2bphJHA
پنجاه قدم آخر,https://www.youtube.com/watch?v=bLVZUY_S7Xc
پی ۲۲,https://www.youtube.com/watch?v=0B0Ok0WJgE0
تنهایی در عصر پنجشنبه,https://www.youtube.com/watch?v=NHNNBA7CMkw
چرا گریه نمیکنی,https://www.youtube.com/watch?v=l-ZMa9DSkZk
چشمان سیاه,https://www.youtube.com/watch?v=sq68TXGAv2o
چهل سالگی,https://www.youtube.com/watch?v=Fbnc8rSH-DY
خبرچین,https://www.youtube.com/watch?v=ziHrFETQ8q0
دختر گمشده,https://www.youtube.com/watch?v=6DUxJKGGWQY
دو برادر دو زن برادر,https://www.youtube.com/watch?v=KHCICwHaQK4
دو خواهر,https://www.youtube.com/watch?v=3JHYe9eSX00
دیوارهای یخی,https://www.youtube.com/watch?v=tLtxrPVfgN0
سالاد فصل,https://www.youtube.com/watch?v=ybnXmu24t14
سرگیجه,https://www.youtube.com/watch?v=tFi4jRxzCZs
شاباش,https://www.youtube.com/watch?v=u3UAbOq_ZYU
شب بخیر فرمانده,https://www.youtube.com/watch?v=jn5tptgHYZw
فصل خاک,https://www.youtube.com/watch?v=qUimTsaJpzE
فلس سیاه,https://www.youtube.com/watch?v=_FNo0iKkgw8
قارقا,https://www.youtube.com/watch?v=Yw5euESsnCQ
قتل هرگز,https://www.youtube.com/watch?v=I-HU0mRzv44
قصه دلها,https://www.youtube.com/watch?v=zP-fQiSZrgc
قصه سیمین,https://www.youtube.com/watch?v=4OBmpJ5Rbwc
قصه‌های کیش,https://www.youtube.com/watch?v=g6R3kJD4a90
قصه‌های مجید,https://www.youtube.com/watch?v=46j9p5lxemk
قفس,https://www.youtube.com/watch?v=mfItsWxjt6M
قلک اربعین,https://www.youtube.com/watch?v=J3f6CLDUYWU
کارت سوخت,https://www.youtube.com/watch?v=m_RmuFDNSkw
کبریت سوخته,https://www.youtube.com/watch?v=UMPZUcHgx-E
کلاچ دنده حرکت,https://www.youtube.com/watch?v=WByIOSaYcuA
کلنجار,https://www.youtube.com/watch?v=qriQpS6WED8
کلوپ همسران,https://www.youtube.com/watch?v=gk4Zm_WEL24
کمینگاه,https://www.youtube.com/watch?v=op6IpcDtgPk
کوک نغمه گمشده,https://www.youtube.com/watch?v=3PVPpVMb_LI
کیلومتر ۱۴ (قسمت دوم),https://www.youtube.com/watch?v=gHZ6fWuipQw
گشت ارشاد ۱,https://www.youtube.com/watch?v=35mVeKMAJU8
گـلدان خالی,https://www.youtube.com/watch?v=NdAoau4Ocxc
گناه من,https://www.youtube.com/watch?v=g3Jzf025wZA
لاک پشت های یخ زده,https://www.youtube.com/watch?v=LHZy_QuE8EQ
لاله و لادن,https://www.youtube.com/watch?v=5QwxkM2sUWs
لباسی برای خدمت,https://www.youtube.com/watch?v=701BUSJsu_w
لونه شغال,https://www.youtube.com/watch?v=OSbW0J-hZ58
مات ,https://www.youtube.com/watch?v=QBmHg-4PQs8
مارهزارپا,https://www.youtube.com/watch?v=WXOmrRks1o0
ماهیها,https://www.youtube.com/watch?v=C97xV_Bw7P8
مثلث,https://www.youtube.com/watch?v=OSRqHbqdQdg
مردی بدون سایه,https://www.youtube.com/watch?v=_gkjuM_8DyI
مرگ گرم,https://www.youtube.com/watch?v=rmle4SIlwKo
مقصد نهایی,https://www.youtube.com/watch?v=BlXpmww1oTU
مورچه ها,https://www.youtube.com/watch?v=Mm3EkTTQ0TQ
هدیه‌ای به یاد ماندنی,https://www.youtube.com/watch?v=vUJ5xInUFnk
هزارپا,https://www.youtube.com/watch?v=LJPRaL23umw